Detector,Precision,Recall,F1,AUC
Isolation Forest,0.3252747252747253,0.296,0.3099476439790576,0.704592
One-Class SVM,0.48059701492537316,0.644,0.5504273504273505,0.8367490000000001
Local Outlier Factor,0.5599393019726859,0.738,0.636755823986195,0.901935
