Regime,Features,Accuracy,Precision,Recall,F1
A — Full attributes (no privacy),15,0.9824,0.9697802197802198,0.9697802197802198,0.9697802197802198
B — Anonymise subject identity,13,0.956,0.9401709401709402,0.9065934065934066,0.9230769230769231
C — Coarsen sensitive attributes,15,0.9796,0.9618008185538881,0.9684065934065934,0.9650924024640657
D — Remove sensitive attributes,9,0.8868,0.7848911651728553,0.842032967032967,0.8124585818422797
